City_ID,City,Country,Lat,Lng,Max Temp,Humidity,Cloudiness,Wind Speed,Current Description,Date
0,Poya,NC,-21.35,165.15,70.18,81,99,6.33,overcast clouds,2022-04-27 16:51:21
1,Arraial Do Cabo,BR,-22.9661,-42.0278,87.76,58,20,17.27,few clouds,2022-04-27 16:50:04
2,Rio Gallegos,AR,-51.6226,-69.2181,42.85,70,40,21.85,scattered clouds,2022-04-27 16:47:07
3,Port Alfred,ZA,-33.5906,26.891,62.19,82,1,14.92,clear sky,2022-04-27 16:51:36
4,Bluff,NZ,-46.6,168.3333,49.68,84,63,5.95,broken clouds,2022-04-27 16:46:24
5,Tres Arroyos,AR,-38.3739,-60.2798,61.5,25,0,8.7,clear sky,2022-04-27 16:51:36
6,Miram Shah,PK,33.0086,70.0697,82.11,20,44,1.23,scattered clouds,2022-04-27 16:51:37
7,Rikitea,PF,-23.1203,-134.9692,77.67,72,51,24.0,broken clouds,2022-04-27 16:48:50
8,Te Anau,NZ,-45.4167,167.7167,42.85,95,19,1.25,few clouds,2022-04-27 16:51:37
9,Carnarvon,AU,-24.8667,113.6333,66.27,77,59,10.36,broken clouds,2022-04-27 16:50:04
10,Barrow,US,71.2906,-156.7887,5.02,85,100,11.5,light snow,2022-04-27 16:43:41
11,Saint-Augustin,CA,51.226,-58.6502,35.46,100,100,2.21,overcast clouds,2022-04-27 16:50:03
12,Ostrovnoy,RU,68.0531,39.5131,19.62,77,40,16.22,scattered clouds,2022-04-27 16:51:38
13,Bredasdorp,ZA,-34.5322,20.0403,58.08,84,6,4.47,clear sky,2022-04-27 16:48:51
14,Hilo,US,19.7297,-155.09,74.28,93,100,8.05,light rain,2022-04-27 16:47:18
15,Kaeo,NZ,-35.1,173.7833,54.32,92,72,5.01,broken clouds,2022-04-27 16:50:12
16,Zyryanka,RU,65.75,150.85,16.84,95,100,9.86,light snow,2022-04-27 16:51:39
17,Ushuaia,AR,-54.8,-68.3,37.06,81,75,21.85,light snow,2022-04-27 16:48:51
18,Hami,CN,42.8,93.45,61.12,26,5,4.36,clear sky,2022-04-27 16:51:39
19,Ancud,CL,-41.8697,-73.8203,50.11,58,49,17.65,scattered clouds,2022-04-27 16:43:37
20,Bonthe,SL,7.5264,-12.505,84.29,68,82,11.05,broken clouds,2022-04-27 16:51:40
21,Busselton,AU,-33.65,115.3333,61.27,67,91,12.15,overcast clouds,2022-04-27 16:46:21
22,Narsaq,GL,60.9167,-46.05,46.62,64,100,0.29,overcast clouds,2022-04-27 16:48:58
23,Teknaf,BD,20.8624,92.3058,78.28,92,16,3.58,few clouds,2022-04-27 16:51:40
24,Provideniya,RU,64.3833,-173.3,25.99,91,57,6.62,broken clouds,2022-04-27 16:51:41
25,Jamestown,US,42.097,-79.2353,33.39,76,100,14.97,mist,2022-04-27 16:48:34
26,Mahebourg,MU,-20.4081,57.7,75.49,88,40,6.91,scattered clouds,2022-04-27 16:51:41
27,Qaanaaq,GL,77.484,-69.3632,20.64,71,32,4.56,scattered clouds,2022-04-27 16:51:41
28,Aromashevo,RU,56.8602,68.6375,58.68,66,90,9.19,overcast clouds,2022-04-27 16:51:42
29,Albany,US,42.6001,-73.9662,49.39,53,62,5.01,broken clouds,2022-04-27 16:48:50
30,Hargeysa,SO,9.56,44.065,77.49,53,57,3.2,broken clouds,2022-04-27 16:51:42
31,Calama,CL,-22.4667,-68.9333,73.89,15,0,10.36,clear sky,2022-04-27 16:48:11
32,Berlevag,NO,70.8578,29.0864,26.55,80,75,23.02,light shower snow,2022-04-27 16:51:43
33,Nagod,IN,24.5667,80.6,95.13,10,0,4.18,clear sky,2022-04-27 16:51:43
34,Castro,BR,-24.7911,-50.0119,78.71,50,3,8.86,clear sky,2022-04-27 16:48:59
35,Vaini,TO,-21.2,-175.2,73.56,73,20,10.36,few clouds,2022-04-27 16:46:22
36,Severo-Kurilsk,RU,50.6789,156.125,34.5,94,81,7.72,broken clouds,2022-04-27 16:51:44
37,Kavieng,PG,-2.5744,150.7967,82.96,78,36,15.12,scattered clouds,2022-04-27 16:51:44
38,Beringovskiy,RU,63.05,179.3167,31.1,99,100,4.72,light snow,2022-04-27 16:50:08
39,Punta Arenas,CL,-53.15,-70.9167,42.91,52,20,20.71,few clouds,2022-04-27 16:48:59
40,Sai Buri,TH,6.7013,101.6168,79.84,84,76,4.59,broken clouds,2022-04-27 16:51:45
41,Beckley,US,37.7782,-81.1882,55.29,47,0,20.71,clear sky,2022-04-27 16:48:59
42,Cape Town,ZA,-33.9258,18.4232,66.61,63,0,8.05,clear sky,2022-04-27 16:45:39
43,Hamilton,US,39.1834,-84.5333,57.43,51,0,10.36,clear sky,2022-04-27 16:49:35
44,Thompson,CA,55.7435,-97.8558,35.76,32,0,9.22,clear sky,2022-04-27 16:48:03
45,Cherskiy,RU,68.75,161.3,15.37,92,100,2.64,overcast clouds,2022-04-27 16:51:46
46,Grindavik,IS,63.8424,-22.4338,46.87,61,75,4.61,broken clouds,2022-04-27 16:50:47
47,Faya,SA,18.3851,42.4509,66.72,54,22,7.85,few clouds,2022-04-27 16:48:05
48,Rio Muerto,MX,27.4167,-110.2333,86.77,20,0,11.25,clear sky,2022-04-27 16:51:46
49,Tailai,CN,46.3833,123.4,42.17,28,32,4.61,scattered clouds,2022-04-27 16:52:47
50,Fort Nelson,CA,58.8053,-122.7002,35.19,87,100,10.36,light rain,2022-04-27 16:52:47
51,Merrill,US,45.1805,-89.6835,39.97,48,0,4.61,clear sky,2022-04-27 16:52:48
52,Ponta Do Sol,PT,32.6667,-17.1,66.83,73,19,2.62,few clouds,2022-04-27 16:52:48
53,Evensk,RU,61.95,159.2333,30.88,88,95,11.99,overcast clouds,2022-04-27 16:52:48
54,Marathon,US,44.9,-89.7668,38.44,51,0,1.99,clear sky,2022-04-27 16:52:49
55,Amargosa,BR,-13.0303,-39.6047,76.15,82,64,9.01,broken clouds,2022-04-27 16:52:49
56,Nizhniy Kuranakh,RU,58.8353,125.4869,27.3,96,100,5.19,light snow,2022-04-27 16:52:50
57,Lakatoro,VU,-16.0999,167.4164,78.12,83,78,11.03,broken clouds,2022-04-27 16:52:50
58,Torbay,CA,47.6666,-52.7314,47.75,80,75,10.36,broken clouds,2022-04-27 16:52:51
59,Anaconda,US,46.1285,-112.9423,36.59,53,100,1.1,overcast clouds,2022-04-27 16:51:44
60,Hasaki,JP,35.7333,140.8333,63.0,68,100,27.92,overcast clouds,2022-04-27 16:52:51
61,Pevek,RU,69.7008,170.3133,27.39,78,100,13.94,overcast clouds,2022-04-27 16:52:51
62,Sorland,NO,67.667,12.6934,33.66,67,99,13.98,light snow,2022-04-27 16:52:52
63,Mirnyy,RU,62.5353,113.9611,26.24,58,47,1.99,scattered clouds,2022-04-27 16:52:52
64,Saint-Philippe,RE,-21.3585,55.7679,73.22,80,71,3.96,broken clouds,2022-04-27 16:52:52
65,Santa Vitoria Do Palmar,BR,-33.5189,-53.3681,63.63,90,100,5.17,moderate rain,2022-04-27 16:52:53
66,Phuket,TH,8.0,98.25,90.09,94,20,2.3,few clouds,2022-04-27 16:52:53
67,Novobessergenevka,RU,47.1847,38.8462,61.68,62,0,9.44,clear sky,2022-04-27 16:52:54
68,Thunder Bay,CA,48.4001,-89.3168,31.98,43,40,4.61,scattered clouds,2022-04-27 16:50:31
69,East London,ZA,-33.0153,27.9116,63.54,82,0,6.91,clear sky,2022-04-27 16:52:54
70,Raga,SS,8.4596,25.678,91.51,27,92,5.68,overcast clouds,2022-04-27 16:52:55
71,Vostok,RU,46.4856,135.8833,27.39,81,67,10.02,broken clouds,2022-04-27 16:52:55
72,Gizo,SB,-8.103,156.8419,82.44,76,100,8.23,overcast clouds,2022-04-27 16:52:56
73,Yerkoy,TR,39.6381,34.4672,65.14,53,100,6.58,overcast clouds,2022-04-27 16:52:56
74,Saskylakh,RU,71.9167,114.0833,1.85,100,88,2.64,overcast clouds,2022-04-27 16:52:56
75,Richards Bay,ZA,-28.783,32.0377,64.96,81,45,3.06,scattered clouds,2022-04-27 16:52:57
76,Jiuquan,CN,39.7432,98.5174,52.39,26,58,6.82,broken clouds,2022-04-27 16:52:57
77,Santa Cruz Cabralia,BR,-16.2781,-39.0247,84.43,65,40,14.97,scattered clouds,2022-04-27 16:52:58
78,Victoria,HK,22.2855,114.1577,84.18,86,5,8.01,clear sky,2022-04-27 16:52:17
79,Winnemucca,US,40.973,-117.7357,53.65,40,0,5.75,clear sky,2022-04-27 16:50:10
80,Dikson,RU,73.5069,80.5464,28.09,92,100,33.11,light snow,2022-04-27 16:52:58
81,Saldanha,ZA,-33.0117,17.9442,69.85,76,8,13.82,clear sky,2022-04-27 16:43:45
82,Yellowknife,CA,62.456,-114.3525,39.72,60,20,8.05,few clouds,2022-04-27 16:53:00
83,Salalah,OM,17.0151,54.0924,81.68,77,1,4.74,clear sky,2022-04-27 16:53:00
84,Ribeira Grande,PT,38.5167,-28.7,64.8,94,75,18.41,broken clouds,2022-04-27 16:48:55
85,New Norfolk,AU,-42.7826,147.0587,56.91,87,100,1.9,overcast clouds,2022-04-27 16:53:01
86,Wahiawa,US,21.5028,-158.0236,71.2,81,40,3.44,scattered clouds,2022-04-27 16:53:02
87,Tuktoyaktuk,CA,69.4541,-133.0374,6.8,85,100,4.61,light snow,2022-04-27 16:53:02
88,Dongsheng,CN,39.8161,109.9776,40.84,68,100,9.51,overcast clouds,2022-04-27 16:53:03
89,Aberdeen,GB,57.1437,-2.0981,55.49,65,32,10.36,scattered clouds,2022-04-27 16:53:03
90,Saint-Joseph,RE,-21.3667,55.6167,72.21,79,58,2.08,broken clouds,2022-04-27 16:53:04
91,Puerto Ayora,EC,-0.7393,-90.3518,78.76,78,17,7.7,few clouds,2022-04-27 16:43:38
92,Bambous Virieux,MU,-20.3428,57.7575,75.45,88,40,6.91,light rain,2022-04-27 16:53:04
93,Rio Bonito,BR,-22.7086,-42.6097,87.35,54,1,4.05,clear sky,2022-04-27 16:54:05
94,Luderitz,NA,-26.6481,15.1594,66.16,55,0,3.67,clear sky,2022-04-27 16:51:25
95,Pasir Gudang,MY,1.4584,103.8805,80.62,95,75,3.44,broken clouds,2022-04-27 16:49:37
96,Khartoum,SD,15.5518,32.5324,100.02,9,5,11.07,clear sky,2022-04-27 16:54:06
97,Cockburn Town,TC,21.4612,-71.1419,78.76,50,40,17.27,scattered clouds,2022-04-27 16:54:06
98,Sao Miguel Do Araguaia,BR,-13.275,-50.1628,87.71,43,5,8.19,clear sky,2022-04-27 16:53:54
99,Nishihara,JP,26.1842,127.7558,77.05,97,75,8.05,broken clouds,2022-04-27 16:54:07
100,Batagay-Alyta,RU,67.8006,130.4114,0.91,95,98,5.1,overcast clouds,2022-04-27 16:51:18
101,Faanui,PF,-16.4833,-151.75,81.68,74,5,20.18,light rain,2022-04-27 16:54:08
102,Kapaa,US,22.0752,-159.319,71.92,97,100,12.66,light rain,2022-04-27 16:48:52
103,Porto Velho,BR,-8.7619,-63.9039,87.85,62,40,3.44,scattered clouds,2022-04-27 16:49:39
104,Khatanga,RU,71.9667,102.5,9.25,85,48,9.22,scattered clouds,2022-04-27 16:54:08
105,Haines Junction,CA,60.7522,-137.5108,35.55,80,77,1.14,broken clouds,2022-04-27 16:51:17
106,North Bend,US,43.4065,-124.2243,54.25,92,40,4.61,scattered clouds,2022-04-27 16:54:09
107,Los Llanos De Aridane,ES,28.6585,-17.9182,65.95,75,40,12.66,scattered clouds,2022-04-27 16:54:09
108,Taltal,CL,-25.4,-70.4833,69.58,64,2,6.67,clear sky,2022-04-27 16:54:09
109,Sault Sainte Marie,CA,46.5168,-84.3333,32.29,46,0,13.8,clear sky,2022-04-27 16:50:32
110,Hithadhoo,MV,-0.6,73.0833,83.77,75,100,6.15,overcast clouds,2022-04-27 16:54:10
111,Tiksi,RU,71.6872,128.8694,-4.7,100,92,3.96,overcast clouds,2022-04-27 16:51:26
112,Hermanus,ZA,-34.4187,19.2345,61.81,68,16,2.93,few clouds,2022-04-27 16:54:10
113,Mataura,NZ,-46.1927,168.8643,41.09,98,8,2.26,clear sky,2022-04-27 16:48:49
114,Jasper,US,37.2001,-94.3502,70.02,34,4,5.01,clear sky,2022-04-27 16:54:11
115,Nikolskoye,RU,59.7035,30.7861,37.87,67,98,4.45,light snow,2022-04-27 16:54:12
116,Constantine,DZ,36.365,6.6147,71.01,49,75,11.5,broken clouds,2022-04-27 16:54:12
117,Uyuni,BO,-20.4597,-66.825,57.87,8,49,8.14,scattered clouds,2022-04-27 16:54:13
118,Hobyo,SO,5.3505,48.5268,84.24,72,98,13.91,overcast clouds,2022-04-27 16:51:24
119,Szamotuly,PL,52.612,16.5779,61.03,59,91,1.63,overcast clouds,2022-04-27 16:54:14
120,Amapa,BR,1.0,-52.0,84.42,70,99,3.78,overcast clouds,2022-04-27 16:54:14
121,Constitucion,CL,-35.3333,-72.4167,57.07,73,54,8.88,broken clouds,2022-04-27 16:48:48
122,Korla,CN,41.7597,86.1469,66.15,28,100,4.38,overcast clouds,2022-04-27 16:54:15
123,Tabou,CI,4.423,-7.3528,82.13,80,100,7.63,light rain,2022-04-27 16:54:15
124,Florida,US,28.7505,-82.5001,87.82,55,40,3.44,scattered clouds,2022-04-27 16:49:44
125,Hirara,JP,24.8,125.2833,78.48,90,0,11.99,clear sky,2022-04-27 16:54:16
126,Talnakh,RU,69.4865,88.3972,29.21,85,100,24.87,overcast clouds,2022-04-27 16:46:29
127,Port Augusta,AU,-32.5,137.7667,65.66,73,100,7.38,overcast clouds,2022-04-27 16:54:16
128,Ginir,ET,7.1333,40.7,60.6,87,88,3.6,moderate rain,2022-04-27 16:54:17
129,Kokopo,PG,-4.352,152.2633,77.31,85,85,2.82,light rain,2022-04-27 16:54:17
130,San Cristobal,VE,7.7669,-72.225,73.58,66,99,5.46,overcast clouds,2022-04-27 16:54:17
131,Lompoc,US,34.6391,-120.4579,66.56,74,40,17.0,scattered clouds,2022-04-27 16:54:18
132,Padang,ID,-0.9492,100.3543,79.57,88,88,2.8,overcast clouds,2022-04-27 16:54:18
133,Labuhan,ID,-6.8844,112.2051,79.86,83,96,1.79,overcast clouds,2022-04-27 16:55:18
134,Touros,BR,-5.1989,-35.4608,85.32,66,99,13.2,overcast clouds,2022-04-27 16:51:17
135,Kaitangata,NZ,-46.2817,169.8464,43.56,94,14,5.59,few clouds,2022-04-27 16:55:19
136,Shingu,JP,33.7333,135.9833,64.67,93,100,3.22,light rain,2022-04-27 16:55:19
137,Atuona,PF,-9.8,-139.0333,78.67,77,43,22.21,light rain,2022-04-27 16:50:59
138,Hobart,AU,-42.8794,147.3294,57.27,96,100,4.61,overcast clouds,2022-04-27 16:55:20
139,Elizabeth City,US,36.2946,-76.2511,64.42,50,0,1.99,clear sky,2022-04-27 16:55:20
140,South Jordan,US,40.5622,-111.9297,69.12,31,0,11.01,clear sky,2022-04-27 16:55:21
141,Cancun,MX,21.1743,-86.8466,84.06,66,97,7.83,overcast clouds,2022-04-27 16:55:21
142,Erzin,TR,36.9559,36.2,67.05,43,98,2.21,overcast clouds,2022-04-27 16:55:22
143,Alice Springs,AU,-23.7,133.8833,69.35,46,14,0.0,few clouds,2022-04-27 16:55:22
144,Carutapera,BR,-1.195,-46.02,80.19,87,98,6.71,moderate rain,2022-04-27 16:55:22
145,Sitka,US,57.0531,-135.33,42.96,80,100,1.81,overcast clouds,2022-04-27 16:55:23
146,Qingdao,CN,36.0986,120.3719,51.4,71,0,6.71,clear sky,2022-04-27 16:55:23
147,Kodiak,US,57.79,-152.4072,42.57,68,8,1.72,clear sky,2022-04-27 16:55:24
148,Pisco,PE,-13.7,-76.2167,68.05,83,20,9.22,mist,2022-04-27 16:55:24
149,Baikunthpur,IN,23.25,82.55,86.25,12,2,2.21,clear sky,2022-04-27 16:55:25
150,Carlyle,US,38.6103,-89.3726,66.6,41,51,5.99,broken clouds,2022-04-27 16:54:05
151,Jand,PK,33.4299,72.0193,89.19,16,34,3.58,scattered clouds,2022-04-27 16:55:25
152,Bubaque,GW,11.2833,-15.8333,77.97,77,37,16.17,scattered clouds,2022-04-27 16:55:25
153,Hearst,CA,49.6835,-83.6665,28.65,52,52,8.95,broken clouds,2022-04-27 16:55:26
154,Sosnogorsk,RU,63.6023,53.8817,29.5,96,100,10.74,snow,2022-04-27 16:55:26
155,Broome,US,42.2506,-75.833,42.46,66,100,12.66,overcast clouds,2022-04-27 16:55:27
156,Flinders,AU,-34.5833,150.8552,64.38,93,96,7.0,overcast clouds,2022-04-27 16:55:27
157,Copperas Cove,US,31.1241,-97.9031,72.82,60,75,9.22,broken clouds,2022-04-27 16:51:45
158,Aykhal,RU,66.0,111.5,10.27,93,100,3.74,overcast clouds,2022-04-27 16:55:27
159,Tateyama,JP,34.9833,139.8667,66.09,80,100,26.06,overcast clouds,2022-04-27 16:55:28
160,Kruisfontein,ZA,-34.0033,24.7314,62.89,73,0,6.71,clear sky,2022-04-27 16:55:28
161,Mataram,ID,-8.5833,116.1167,77.81,78,95,2.84,overcast clouds,2022-04-27 16:55:29
162,Baruun-Urt,MN,46.6806,113.2792,36.79,23,89,5.5,overcast clouds,2022-04-27 16:55:29
163,San Patricio,US,28.017,-97.5169,78.89,56,16,14.43,few clouds,2022-04-27 16:55:29
164,Kijang,KR,35.2442,129.2139,56.93,71,65,9.98,broken clouds,2022-04-27 16:55:30
165,Nantucket,US,41.2835,-70.0995,57.31,62,40,20.71,scattered clouds,2022-04-27 16:54:15
166,Bengkulu,ID,-3.8004,102.2655,76.3,93,100,3.65,moderate rain,2022-04-27 16:48:56
167,Myitkyina,MM,25.3833,97.4,78.82,40,58,2.82,broken clouds,2022-04-27 16:55:30
168,Lebu,CL,-37.6167,-73.65,54.32,71,73,13.29,broken clouds,2022-04-27 16:55:31
169,Vestmannaeyjar,IS,63.4427,-20.2734,49.19,81,20,6.91,few clouds,2022-04-27 16:55:31
170,Martinsburg,US,39.4562,-77.9639,56.88,44,72,8.99,broken clouds,2022-04-27 16:55:31
171,Samarai,PG,-10.6167,150.6667,80.89,82,89,7.16,overcast clouds,2022-04-27 16:55:32
172,Naantali,FI,60.4674,22.0243,39.33,32,0,6.91,clear sky,2022-04-27 16:55:32
173,Karratha,AU,-20.7377,116.8463,78.28,64,96,8.88,overcast clouds,2022-04-27 16:51:33
174,Dawei,MM,14.0833,98.2,80.94,83,13,1.5,few clouds,2022-04-27 16:55:33
175,San-Pedro,CI,4.7485,-6.6363,83.17,75,92,8.77,light rain,2022-04-27 16:55:33
176,Haapiti,PF,-17.5667,-149.8667,76.73,75,7,22.84,light rain,2022-04-27 16:55:34
177,Poum,NC,-20.2333,164.0167,76.48,72,100,21.32,overcast clouds,2022-04-27 16:55:34
178,Nantong,CN,32.0303,120.8747,57.97,68,100,9.93,overcast clouds,2022-04-27 16:55:34
179,Caxito,AO,-8.5785,13.6643,75.7,97,83,4.21,moderate rain,2022-04-27 16:55:35
180,Kartaly,RU,53.0522,60.6467,60.62,55,100,9.24,overcast clouds,2022-04-27 16:55:35
181,Esperance,AU,-33.8667,121.9,58.84,82,71,11.65,moderate rain,2022-04-27 16:56:35
182,Axim,GH,4.8699,-2.2405,83.43,74,57,10.69,broken clouds,2022-04-27 16:56:36
183,Fonte Boa,BR,-2.4959,-66.2662,83.5,69,100,0.74,overcast clouds,2022-04-27 16:56:36
184,The Pas,CA,53.8251,-101.2541,37.13,64,19,12.62,few clouds,2022-04-27 16:56:36
185,Noyakert,AM,39.8312,44.669,73.74,39,75,3.0,broken clouds,2022-04-27 16:56:37
186,Nome,US,64.5011,-165.4064,28.17,99,75,3.44,mist,2022-04-27 16:56:37
187,Gushikawa,JP,26.3544,127.8686,76.62,88,97,6.46,overcast clouds,2022-04-27 16:56:38
188,Zirandaro,MX,18.45,-100.9833,99.61,23,0,1.86,clear sky,2022-04-27 16:56:38
189,Comitancillo,GT,15.0833,-91.7167,72.39,52,27,1.81,scattered clouds,2022-04-27 16:56:38
190,Almazar,UZ,40.3217,69.0106,69.53,51,26,12.86,scattered clouds,2022-04-27 16:56:39
191,Dobson,US,36.3957,-80.7226,67.55,31,0,11.5,clear sky,2022-04-27 16:56:39
192,Nyurba,RU,63.2842,118.3319,16.34,96,47,2.24,scattered clouds,2022-04-27 16:56:39
193,Sobolevo,RU,54.4299,31.8996,42.8,73,73,5.64,broken clouds,2022-04-27 16:56:40
194,Darnah,LY,32.767,22.6367,65.16,63,17,3.49,few clouds,2022-04-27 16:56:40
195,Uvira,CD,-3.4067,29.1458,77.13,83,100,6.49,light rain,2022-04-27 16:56:41
196,Chimoio,MZ,-19.1164,33.4833,62.91,75,50,5.41,scattered clouds,2022-04-27 16:56:41
197,Santa Rosa,PH,14.3122,121.1114,84.18,75,97,9.28,overcast clouds,2022-04-27 16:56:41
198,Milyutinskaya,RU,48.6279,41.6679,67.26,58,64,10.87,broken clouds,2022-04-27 16:56:42
199,Longyearbyen,SJ,78.2186,15.6401,4.84,61,75,11.5,broken clouds,2022-04-27 16:55:04
200,Abha,SA,18.2164,42.5053,66.45,60,40,12.66,light rain,2022-04-27 16:56:42
201,Port Elizabeth,ZA,-33.918,25.5701,65.1,85,0,10.36,clear sky,2022-04-27 16:56:42
202,Cabo San Lucas,MX,22.8909,-109.9124,85.6,43,0,4.0,clear sky,2022-04-27 16:56:43
203,Linxia,CN,35.6003,103.2064,43.68,66,92,0.67,overcast clouds,2022-04-27 16:56:43
204,Leningradskiy,RU,69.3833,178.4167,17.31,90,100,9.6,overcast clouds,2022-04-27 16:56:43
205,Upernavik,GL,72.7868,-56.1549,34.84,74,100,6.69,overcast clouds,2022-04-27 16:56:44
206,Atasu,KZ,48.6814,71.6433,56.53,39,5,5.55,clear sky,2022-04-27 16:56:44
207,Denpasar,ID,-8.65,115.2167,82.06,83,20,4.61,few clouds,2022-04-27 16:54:10
208,Sao Sebastiao,BR,-23.76,-45.4097,83.61,63,0,4.47,clear sky,2022-04-27 16:56:45
209,Obo,CF,5.3998,26.4869,79.21,60,98,4.79,overcast clouds,2022-04-27 16:56:45
210,Zhigansk,RU,66.7697,123.3711,5.88,98,20,9.1,few clouds,2022-04-27 16:56:45
211,Cidreira,BR,-30.1811,-50.2056,84.97,57,0,6.82,clear sky,2022-04-27 16:56:46
212,Guerrero Negro,MX,27.9769,-114.0611,67.53,59,1,12.86,clear sky,2022-04-27 16:56:46
213,Klaksvik,FO,62.2266,-6.589,47.32,73,99,11.68,overcast clouds,2022-04-27 16:56:46
214,Ilulissat,GL,69.2167,-51.1,37.45,88,100,8.68,overcast clouds,2022-04-27 16:56:47
215,Ixtapa,MX,20.7,-105.2,91.35,31,0,6.58,clear sky,2022-04-27 16:55:23
216,Aranos,NA,-24.1333,19.1167,77.54,23,58,12.82,broken clouds,2022-04-27 16:56:47
217,San Matias,BO,-16.3667,-58.4,95.81,31,25,12.01,scattered clouds,2022-04-27 16:56:47
218,Bethel,US,41.3712,-73.414,54.46,66,89,3.0,overcast clouds,2022-04-27 16:54:28
219,Alassio,IT,44.0039,8.1671,69.17,69,22,1.99,few clouds,2022-04-27 16:56:48
220,Butaritari,KI,3.0707,172.7902,81.3,81,13,17.85,light rain,2022-04-27 16:56:48
221,Tasiilaq,GL,65.6145,-37.6368,33.75,77,100,5.3,overcast clouds,2022-04-27 16:56:49
222,Tome,CL,-36.6167,-72.95,48.81,88,100,11.39,overcast clouds,2022-04-27 16:56:49
223,Tonj,SS,7.2737,28.6822,91.49,29,100,3.4,overcast clouds,2022-04-27 16:56:49
224,Mar Del Plata,AR,-38.0023,-57.5575,62.87,60,0,13.8,clear sky,2022-04-27 16:56:50
225,Pio Xii,BR,-3.8325,-45.1525,84.79,73,63,3.31,broken clouds,2022-04-27 16:56:50
226,Husavik,IS,66.0449,-17.3389,41.04,74,99,2.15,overcast clouds,2022-04-27 16:56:51
227,Baraboo,US,43.4711,-89.7443,39.58,55,40,5.75,scattered clouds,2022-04-27 16:56:51
228,Isangel,VU,-19.55,169.2667,76.89,69,99,14.25,overcast clouds,2022-04-27 16:56:52
229,La Palma,US,33.8464,-118.0467,69.22,68,13,4.0,few clouds,2022-04-27 16:56:52
230,Tahta,EG,26.7693,31.5021,90.54,8,0,13.69,clear sky,2022-04-27 16:56:53
231,Nalut,LY,30.3333,10.85,89.82,10,2,5.77,clear sky,2022-04-27 16:57:53
232,Vila Velha,BR,-20.3297,-40.2925,85.95,60,40,12.66,scattered clouds,2022-04-27 16:57:53
233,Champerico,GT,14.3,-91.9167,90.14,63,3,6.91,clear sky,2022-04-27 16:57:54
234,Iraray,PH,8.9936,118.0511,77.45,91,100,0.6,heavy intensity rain,2022-04-27 16:57:55
235,Loa Janan,ID,-0.583,117.095,74.21,97,100,1.63,overcast clouds,2022-04-27 16:57:55
236,Vao,NC,-22.6667,167.4833,74.59,68,100,20.74,overcast clouds,2022-04-27 16:57:55
237,Heihe,CN,50.2441,127.4902,32.58,45,16,8.41,few clouds,2022-04-27 16:57:56
238,Saint George,US,37.1041,-113.5841,76.62,13,22,1.99,few clouds,2022-04-27 16:55:24
239,Peterhead,GB,57.5058,-1.7981,51.46,66,40,8.16,scattered clouds,2022-04-27 16:57:56
240,Georgetown,MY,5.4112,100.3354,87.75,80,20,4.61,few clouds,2022-04-27 16:54:07
241,Vologda,RU,59.2187,39.8886,32.38,75,100,11.34,overcast clouds,2022-04-27 16:57:57
242,Chapais,CA,49.7834,-74.8492,28.18,86,100,12.73,light snow,2022-04-27 16:57:57
243,Ampanihy,MG,-24.7,44.75,68.47,71,99,12.44,light rain,2022-04-27 16:57:57
244,Kaithal,IN,29.8,76.3833,91.76,11,0,7.34,clear sky,2022-04-27 16:57:58
245,Avarua,CK,-21.2078,-159.775,75.25,94,89,2.3,overcast clouds,2022-04-27 16:57:58
246,Cefa,RO,46.9167,21.7333,61.41,63,20,11.5,light intensity shower rain,2022-04-27 16:57:59
247,Maragogi,BR,-9.0122,-35.2225,82.08,78,36,10.02,scattered clouds,2022-04-27 16:57:59
248,Pasewalk,DE,53.5063,13.99,57.54,64,83,8.68,broken clouds,2022-04-27 16:57:59
249,Portland,US,45.5234,-122.6762,50.61,82,75,5.01,broken clouds,2022-04-27 16:55:30
250,Bjelovar,HR,45.8986,16.8489,50.47,81,99,4.65,overcast clouds,2022-04-27 16:58:00
251,Port Lincoln,AU,-34.7333,135.8667,68.23,59,100,13.8,light rain,2022-04-27 16:58:00
252,Moron,AR,-34.6534,-58.6198,68.0,31,0,5.08,clear sky,2022-04-27 16:53:08
253,Clyde River,CA,70.4692,-68.5914,-0.17,85,75,8.05,broken clouds,2022-04-27 16:58:01
254,Ust-Koksa,RU,50.2696,85.6108,37.04,82,70,1.57,broken clouds,2022-04-27 16:58:01
255,Praia Da Vitoria,PT,38.7333,-27.0667,70.05,83,75,22.12,broken clouds,2022-04-27 16:58:02
256,Nouadhibou,MR,20.931,-17.0347,75.18,50,0,19.57,clear sky,2022-04-27 16:58:02
257,Vila Franca Do Campo,PT,37.7167,-25.4333,64.81,88,80,16.06,broken clouds,2022-04-27 16:58:02
258,Port-Cartier,CA,50.0334,-66.8654,48.42,95,88,6.04,overcast clouds,2022-04-27 16:58:03
259,Cap Malheureux,MU,-19.9842,57.6142,75.47,80,45,8.63,scattered clouds,2022-04-27 16:58:03
260,Davila,PH,18.4726,120.5763,83.17,76,25,3.89,scattered clouds,2022-04-27 16:58:04
261,Paka,MY,4.6374,103.4368,80.53,94,2,0.0,clear sky,2022-04-27 16:58:04
262,Chicama,PE,-7.8447,-79.1469,64.94,69,90,7.81,overcast clouds,2022-04-27 16:58:05
263,Lixourion,GR,38.2019,20.4314,63.07,74,0,6.78,clear sky,2022-04-27 16:58:05
264,Nuuk,GL,64.1835,-51.7216,34.88,93,100,35.01,overcast clouds,2022-04-27 16:58:06
265,Johnstown,US,40.3267,-78.922,46.45,60,90,16.33,overcast clouds,2022-04-27 16:57:31
266,Yuancheng,CN,36.652,107.7896,45.27,60,100,8.88,overcast clouds,2022-04-27 16:58:06
267,Awjilah,LY,29.1081,21.2869,91.24,9,100,16.84,overcast clouds,2022-04-27 16:55:38
268,Dunedin,NZ,-45.8742,170.5036,52.81,72,3,5.99,clear sky,2022-04-27 16:58:07
269,Half Moon Bay,US,37.4636,-122.4286,60.04,69,20,11.5,haze,2022-04-27 16:58:07
270,Chuy,UY,-33.6971,-53.4616,63.79,91,100,4.07,moderate rain,2022-04-27 16:58:07
271,Rio Grande,BR,-32.035,-52.0986,77.25,79,75,11.77,light rain,2022-04-27 16:58:08
272,Sompeta,IN,18.9333,84.6,81.9,79,9,12.01,clear sky,2022-04-27 16:58:08
273,Chokurdakh,RU,70.6333,147.9167,12.13,96,100,7.78,light snow,2022-04-27 16:58:09
274,Rawson,AR,-43.3002,-65.1023,50.38,37,87,5.88,overcast clouds,2022-04-27 16:58:09
275,Tuatapere,NZ,-46.1333,167.6833,45.03,93,5,3.53,clear sky,2022-04-27 16:59:10
276,Meadow Lake,US,34.8014,-106.5436,73.83,39,64,17.76,broken clouds,2022-04-27 16:59:10
277,Nanortalik,GL,60.1432,-45.2371,41.41,74,100,11.56,overcast clouds,2022-04-27 16:59:10
278,Svetlogorsk,BY,52.6333,29.7333,46.9,68,80,5.77,broken clouds,2022-04-27 16:59:11
279,Kresttsy,RU,58.2452,32.5165,36.95,67,98,4.65,overcast clouds,2022-04-27 16:59:11
280,Mehamn,NO,71.0357,27.8492,26.51,71,100,25.1,light snow,2022-04-27 16:59:12
281,Waverley,ZA,-25.7023,28.2591,65.01,54,2,1.14,clear sky,2022-04-27 16:59:12
282,Vardo,NO,70.3705,31.1107,22.98,93,99,27.63,overcast clouds,2022-04-27 16:59:12
283,Souillac,MU,-20.5167,57.5167,75.58,88,40,6.91,light rain,2022-04-27 16:59:13
284,Kudahuvadhoo,MV,2.6708,72.8944,84.47,71,77,4.79,broken clouds,2022-04-27 16:59:13
285,Harper,LR,4.375,-7.7169,81.77,81,100,7.63,light rain,2022-04-27 16:59:14
286,Ferme-Neuve,CA,46.7001,-75.4493,37.38,50,98,11.83,overcast clouds,2022-04-27 16:59:14
287,Bahia Blanca,AR,-38.7196,-62.2724,64.53,26,0,11.95,clear sky,2022-04-27 16:59:15
288,Oytal,KZ,42.9057,73.2697,54.39,63,15,4.25,few clouds,2022-04-27 16:59:15
289,Roebourne,AU,-20.7833,117.1333,78.15,64,90,9.26,overcast clouds,2022-04-27 16:59:15
290,Gander,CA,48.9682,-54.5906,51.93,53,100,6.91,overcast clouds,2022-04-27 16:59:16
291,Ahipara,NZ,-35.1667,173.1667,61.39,65,71,4.79,broken clouds,2022-04-27 16:59:16
292,La Ronge,CA,55.1001,-105.2842,41.25,45,40,16.11,scattered clouds,2022-04-27 16:59:16
293,Boa Vista,BR,2.8197,-60.6733,76.98,83,100,6.91,overcast clouds,2022-04-27 16:59:17
294,Geraldton,AU,-28.7667,114.6,59.41,94,100,4.61,light rain,2022-04-27 16:59:17
295,Dover,US,39.1582,-75.5244,57.09,47,42,8.01,scattered clouds,2022-04-27 16:57:19
296,Verkhniy Tagil,RU,57.3733,59.9556,55.6,89,100,11.88,light rain,2022-04-27 16:59:18
297,Tukums,LV,56.9669,23.1553,40.35,46,54,5.75,broken clouds,2022-04-27 16:56:17
298,Muli,MV,2.9167,73.5667,84.43,72,97,5.59,overcast clouds,2022-04-27 16:59:18
299,Senador Guiomard,BR,-10.1522,-67.7392,87.55,64,98,4.16,moderate rain,2022-04-27 16:59:19
300,Iqaluit,CA,63.7506,-68.5145,11.93,78,75,24.0,broken clouds,2022-04-27 16:59:19
301,Barra Do Garcas,BR,-15.89,-52.2567,90.54,34,2,8.97,clear sky,2022-04-27 16:57:42
302,Buchanan,LR,5.8808,-10.0467,83.86,71,44,9.06,light rain,2022-04-27 16:59:20
303,Yuxia,CN,34.0615,108.6291,50.61,94,100,6.69,moderate rain,2022-04-27 16:59:20
304,Mutoko,ZW,-17.397,32.2268,62.91,69,98,2.73,overcast clouds,2022-04-27 16:59:21
305,Arman,RU,59.7,150.1667,21.69,69,100,15.23,overcast clouds,2022-04-27 16:59:21
306,Puri,IN,19.8,85.85,84.72,87,7,18.88,clear sky,2022-04-27 16:59:22
307,Port Hardy,CA,50.6996,-127.4199,42.8,87,75,4.61,broken clouds,2022-04-27 16:59:22
308,Praia,CV,14.9215,-23.5087,77.54,53,20,21.85,few clouds,2022-04-27 16:57:43
309,Sembakung,ID,3.8167,117.25,73.09,99,100,0.76,overcast clouds,2022-04-27 16:59:23
310,Doka,SD,13.5167,35.7667,96.8,7,94,11.16,overcast clouds,2022-04-27 16:59:23
311,Assiniboia,CA,49.6334,-105.9845,44.42,57,74,12.66,broken clouds,2022-04-27 16:59:24
312,Kamenka,RU,51.3223,42.7678,56.03,74,85,13.71,overcast clouds,2022-04-27 16:59:24
313,Tagab,AF,34.855,69.6492,74.98,33,68,3.53,broken clouds,2022-04-27 16:59:24
314,Petropavlovka,RU,50.6114,105.3196,39.96,52,87,5.39,overcast clouds,2022-04-27 16:59:25
315,Nelson Bay,AU,-32.7167,152.15,68.09,90,100,9.26,overcast clouds,2022-04-27 16:59:25
316,Araouane,ML,18.9048,-3.5265,92.88,8,0,10.47,clear sky,2022-04-27 16:59:26
317,Xiongzhou,CN,25.1167,114.3,75.11,90,69,2.55,broken clouds,2022-04-27 16:59:26
318,Weligama,LK,5.9667,80.4167,81.37,82,20,2.98,few clouds,2022-04-27 16:59:26
319,Udachnyy,RU,66.4167,112.4,10.49,94,100,2.86,overcast clouds,2022-04-27 16:59:27
320,Slave Lake,CA,55.2834,-114.769,33.78,100,100,4.61,overcast clouds,2022-04-27 16:59:27
321,Ketchikan,US,55.3422,-131.6461,44.89,79,98,3.8,light rain,2022-04-27 16:58:16
322,Itaquyry,PY,-24.9333,-55.2167,92.12,41,29,9.35,scattered clouds,2022-04-27 16:59:28
323,Porosozero,RU,62.7191,32.727,28.54,77,100,1.41,overcast clouds,2022-04-27 17:00:28
324,Loveland,US,40.3978,-105.075,71.83,20,100,4.0,overcast clouds,2022-04-27 16:59:44
325,San Quintin,MX,30.4833,-115.95,64.0,69,32,12.41,scattered clouds,2022-04-27 17:00:29
326,Port Hedland,AU,-20.3167,118.5667,77.05,78,40,6.91,scattered clouds,2022-04-27 17:00:29
327,Umm Lajj,SA,25.0213,37.2685,80.42,63,0,8.21,clear sky,2022-04-27 17:00:29
328,Kuroiso,JP,36.9667,140.05,52.93,62,100,1.77,overcast clouds,2022-04-27 17:00:30
329,Kazanskaya,RU,45.4106,40.4361,62.15,74,94,7.05,overcast clouds,2022-04-27 17:00:30
330,Koumac,NC,-20.5667,164.2833,72.34,80,99,6.35,overcast clouds,2022-04-27 17:00:31
331,Antibes,FR,43.5624,7.1278,69.13,68,20,4.61,few clouds,2022-04-27 17:00:15
332,Maniitsoq,GL,65.4167,-52.9,32.68,98,100,32.03,snow,2022-04-27 17:00:32
333,Erenhot,CN,43.6475,111.9767,41.61,36,60,7.56,broken clouds,2022-04-27 17:00:32
334,Hervey Bay,AU,-25.2986,152.8535,72.28,77,2,10.49,clear sky,2022-04-27 17:00:33
335,Santa Rosalia,MX,27.3167,-112.2833,79.81,25,0,4.27,clear sky,2022-04-27 17:00:33
336,Santiago Del Estero,AR,-27.7951,-64.2615,69.31,42,100,16.55,overcast clouds,2022-04-27 17:00:03
337,Okhotsk,RU,59.3833,143.3,23.43,74,100,9.62,overcast clouds,2022-04-27 17:00:34
338,Pacific Grove,US,36.6177,-121.9166,56.34,75,54,11.01,broken clouds,2022-04-27 17:00:34
339,Koutsouras,GR,35.0339,25.9469,70.11,55,0,4.18,clear sky,2022-04-27 17:00:35
340,Kimbe,PG,-5.5502,150.1429,75.99,94,62,3.02,light rain,2022-04-27 17:00:35
341,Dubbo,AU,-32.25,148.6167,60.93,100,100,8.05,overcast clouds,2022-04-27 17:00:36
342,Caravelas,BR,-17.7125,-39.2481,81.9,68,19,7.92,few clouds,2022-04-27 17:00:36
343,Shagonar,RU,51.5333,92.8,41.11,62,71,1.16,broken clouds,2022-04-27 17:00:36
344,Pokhara,NP,28.2333,83.9833,75.87,30,1,7.34,clear sky,2022-04-27 17:00:37
345,Sonari,IN,27.0667,95.0333,71.62,90,56,3.11,broken clouds,2022-04-27 17:00:37
346,Bolu,TR,40.6667,31.5833,54.88,78,38,3.22,scattered clouds,2022-04-27 17:00:38
347,Mecca,SA,21.4267,39.8261,90.39,35,3,14.97,clear sky,2022-04-27 17:00:38
348,Shache,CN,38.4167,77.2406,68.41,25,95,3.44,overcast clouds,2022-04-27 17:00:38
349,Meulaboh,ID,4.1363,96.1285,78.82,87,98,2.68,overcast clouds,2022-04-27 17:00:39
350,Zaltan,LY,32.947,11.8665,67.14,68,98,29.3,overcast clouds,2022-04-27 17:00:39
351,Warrnambool,AU,-38.3833,142.4833,59.81,84,100,9.35,overcast clouds,2022-04-27 17:00:40
352,Bara,NG,10.3744,10.7288,91.24,32,96,2.37,overcast clouds,2022-04-27 17:00:40
353,Bonavista,CA,48.6499,-53.1147,39.49,80,100,8.57,overcast clouds,2022-04-27 17:00:40
354,Beyneu,KZ,45.3167,55.2,70.56,33,94,15.79,overcast clouds,2022-04-27 17:00:41
355,Linhai,CN,28.85,121.1167,63.93,77,87,2.1,overcast clouds,2022-04-27 17:00:42
356,Paracatu,BR,-17.2222,-46.8747,86.97,32,0,6.73,clear sky,2022-04-27 17:00:42
357,Taoudenni,ML,22.6783,-3.9836,94.68,9,0,10.47,clear sky,2022-04-27 17:00:42
358,Gamba,GA,-2.65,10.0,77.32,83,99,3.62,overcast clouds,2022-04-27 17:00:43
359,Airai,TL,-8.9266,125.4092,60.4,94,58,0.69,broken clouds,2022-04-27 17:00:41
360,Ekhabi,RU,53.5102,142.9671,25.32,90,100,32.17,snow,2022-04-27 17:00:43
361,Lagoa,PT,39.05,-27.9833,62.13,92,93,28.97,overcast clouds,2022-04-27 17:00:44
362,Griffith,US,41.5284,-87.4237,47.3,66,75,10.36,broken clouds,2022-04-27 17:00:44
363,Bilibino,RU,68.0546,166.4372,10.62,97,100,4.68,overcast clouds,2022-04-27 17:00:45
364,Ornskoldsvik,SE,63.2909,18.7153,38.35,41,20,9.22,few clouds,2022-04-27 16:59:15
365,Beipiao,CN,41.7919,120.7792,50.41,14,99,3.76,overcast clouds,2022-04-27 17:00:45
366,Naze,JP,28.3667,129.4833,70.34,90,100,9.91,overcast clouds,2022-04-27 17:00:46
367,Yelizovo,RU,53.1873,158.3805,32.22,94,100,11.81,snow,2022-04-27 17:01:46
368,Tecpan,GT,14.7623,-90.9947,65.89,46,20,5.5,few clouds,2022-04-27 17:01:46
369,Kenai,US,60.5544,-151.2583,42.03,90,72,3.04,broken clouds,2022-04-27 17:01:47
370,Deputatskiy,RU,69.3,139.9,2.08,99,100,1.48,overcast clouds,2022-04-27 17:01:47
371,Nurota,UZ,40.5614,65.6886,67.8,28,78,17.58,broken clouds,2022-04-27 17:01:48
372,Limpapa,PH,7.1197,121.9106,74.84,92,100,5.95,light rain,2022-04-27 17:01:48
373,Zaraza,VE,9.3503,-65.3245,85.87,58,100,5.99,overcast clouds,2022-04-27 17:01:48
374,Vilhena,BR,-12.7406,-60.1458,88.02,48,40,9.22,scattered clouds,2022-04-27 16:59:52
375,Sremska Mitrovica,RS,44.9764,19.6122,56.88,88,65,15.88,broken clouds,2022-04-27 17:01:49
376,Sarh,TD,9.1429,18.3923,85.6,52,100,3.18,light rain,2022-04-27 17:01:49
377,Del Rio,US,29.3627,-100.8968,69.91,83,100,10.36,mist,2022-04-27 17:01:49
378,Kharan,PK,28.5833,65.4167,91.83,11,85,2.82,overcast clouds,2022-04-27 17:01:50
379,Malambo,CO,10.8595,-74.7739,88.3,59,100,4.7,overcast clouds,2022-04-27 17:01:50
380,Huanren,CN,41.2647,125.3667,41.23,33,60,2.71,broken clouds,2022-04-27 17:01:51
381,Namatanai,PG,-3.6667,152.4333,80.04,83,70,8.55,broken clouds,2022-04-27 17:01:51
382,Abu Dhabi,AE,24.4667,54.3667,86.11,61,0,6.91,clear sky,2022-04-27 16:58:40
383,Guben,DE,51.9499,14.7145,61.27,50,42,6.55,scattered clouds,2022-04-27 17:01:52
384,Qui Nhon,VN,13.7667,109.2333,79.54,91,28,5.23,scattered clouds,2022-04-27 17:01:52
385,Koslan,RU,63.4564,48.8989,24.17,92,100,3.76,overcast clouds,2022-04-27 17:01:52
386,Pangkalanbuun,ID,-2.6833,111.6167,75.42,95,95,0.16,overcast clouds,2022-04-27 17:01:53
387,Grand Gaube,MU,-20.0064,57.6608,74.37,80,44,8.57,scattered clouds,2022-04-27 17:01:53
388,Batagay,RU,67.6333,134.6333,7.92,98,100,2.91,overcast clouds,2022-04-27 17:01:53
389,Thinadhoo,MV,0.5333,72.9333,83.77,74,100,4.27,overcast clouds,2022-04-27 17:01:54
390,Sisimiut,GL,66.9395,-53.6735,34.59,97,100,19.84,light snow,2022-04-27 17:01:54
391,Kismayo,SO,-0.3582,42.5454,83.39,74,95,11.39,overcast clouds,2022-04-27 17:01:55
392,Ratnagiri,IN,16.9833,73.3,83.12,79,58,3.8,broken clouds,2022-04-27 17:01:55
393,Komsomolskiy,UZ,40.4272,71.7189,66.92,68,0,4.61,clear sky,2022-04-27 17:00:11
394,Andenes,NO,69.3143,16.1194,31.98,69,75,25.32,light snow,2022-04-27 17:01:56
395,Manono,CD,-7.3,27.4167,70.93,97,98,2.95,light rain,2022-04-27 17:01:56
396,Soyo,AO,-6.1349,12.3689,79.16,79,86,6.69,overcast clouds,2022-04-27 17:01:57
397,Belaya Gora,RU,68.5333,146.4167,7.66,97,99,4.9,overcast clouds,2022-04-27 17:01:57
398,Aginskoye,RU,51.1,114.53,34.03,26,32,6.33,scattered clouds,2022-04-27 17:01:58
399,Nhulunbuy,AU,-12.2333,136.7667,77.61,94,64,0.0,broken clouds,2022-04-27 17:01:58
400,Namibe,AO,-15.1961,12.1522,73.45,74,17,6.55,few clouds,2022-04-27 17:01:59
401,Madan,BG,41.5,24.95,54.77,86,67,2.57,broken clouds,2022-04-27 17:01:59
402,Ponnani,IN,10.767,75.9252,85.32,82,13,4.21,few clouds,2022-04-27 17:02:00
403,Abu Kamal,SY,34.4506,40.9171,81.95,28,5,11.83,clear sky,2022-04-27 17:02:00
404,Antofagasta,CL,-23.65,-70.4,72.21,49,35,10.71,scattered clouds,2022-04-27 16:58:23
405,Kirakira,SB,-10.4544,161.9205,80.24,81,99,3.49,overcast clouds,2022-04-27 17:02:01
406,Lata,PT,40.1629,-8.3327,59.81,62,69,11.18,broken clouds,2022-04-27 17:02:02
407,Outjo,NA,-20.1167,16.15,77.7,25,32,3.76,scattered clouds,2022-04-27 17:02:02
408,Anloga,GH,5.7947,0.8973,83.39,78,99,13.27,overcast clouds,2022-04-27 17:02:03
409,Yulara,AU,-25.2406,130.9889,73.74,35,99,3.15,overcast clouds,2022-04-27 17:02:03
410,Ascension,US,30.2169,-90.9001,75.11,52,0,3.44,clear sky,2022-04-27 17:02:04
411,Bollnas,SE,61.3482,16.3946,43.61,36,99,3.62,overcast clouds,2022-04-27 17:02:04
412,Ndioum,SN,16.5129,-14.6471,98.67,11,0,4.88,clear sky,2022-04-27 17:02:05
413,Buenaventura,CO,3.8801,-77.0312,86.41,65,65,4.36,broken clouds,2022-04-27 17:02:05
414,Sao Filipe,CV,14.8961,-24.4956,74.57,65,17,14.2,few clouds,2022-04-27 17:02:06
415,Olga,RU,43.7444,135.2892,39.0,50,40,4.92,scattered clouds,2022-04-27 17:03:07
416,Ariogala,LT,55.2667,23.4667,41.0,55,98,10.22,overcast clouds,2022-04-27 16:59:15
417,Quebo,GW,11.3333,-14.9333,93.99,37,7,12.82,clear sky,2022-04-27 17:03:08
418,Mackay,AU,-21.15,149.2,73.69,85,15,14.79,few clouds,2022-04-27 17:03:08
419,Hofn,IS,64.2539,-15.2082,46.42,71,100,12.66,overcast clouds,2022-04-27 17:03:09
420,Pochutla,MX,15.7432,-96.4661,92.82,44,6,8.32,clear sky,2022-04-27 17:03:09
421,Takoradi,GH,4.8845,-1.7554,83.16,76,54,12.53,broken clouds,2022-04-27 17:03:09
422,Yerbogachen,RU,61.2767,108.0108,23.4,94,13,2.3,few clouds,2022-04-27 17:03:10
423,Sydney,AU,-33.8679,151.2073,63.7,93,75,7.0,light rain,2022-04-27 17:01:36
424,Bar-Le-Duc,FR,48.75,5.1667,63.21,68,5,12.12,clear sky,2022-04-27 17:03:11
425,Henties Bay,NA,-22.116,14.2845,64.58,71,20,10.09,few clouds,2022-04-27 17:03:11
426,Ust-Kuyga,RU,70.0167,135.6,-4.88,100,100,4.56,overcast clouds,2022-04-27 17:03:11
427,Chipinge,ZW,-20.1883,32.6236,55.87,89,74,2.35,broken clouds,2022-04-27 17:03:12
428,Kerman,IR,30.2832,57.0788,72.16,29,95,6.58,overcast clouds,2022-04-27 17:03:12
429,Marawi,PH,7.9986,124.2928,70.68,91,99,1.61,overcast clouds,2022-04-27 17:03:13
430,Comodoro Rivadavia,AR,-45.8667,-67.5,45.73,45,91,17.09,overcast clouds,2022-04-27 17:03:13
431,Kununurra,AU,-15.7667,128.7333,71.58,88,40,4.61,scattered clouds,2022-04-27 17:03:14
432,Buin,CL,-33.7333,-70.75,62.06,63,78,5.64,broken clouds,2022-04-27 17:01:54
433,Ust-Ilimsk,RU,58.0006,102.6619,20.95,97,43,2.08,scattered clouds,2022-04-27 17:03:14
434,Ewa Beach,US,21.3156,-158.0072,74.43,88,76,8.88,broken clouds,2022-04-27 17:03:15
435,Sangar,RU,63.9242,127.4739,5.67,97,56,2.28,broken clouds,2022-04-27 17:03:15
436,Moose Factory,CA,51.2585,-80.6094,27.88,53,9,10.13,clear sky,2022-04-27 17:03:16
437,Carballo,ES,43.213,-8.691,60.22,91,91,2.24,light rain,2022-04-27 17:03:16
438,Kahului,US,20.8947,-156.47,74.84,90,69,15.01,broken clouds,2022-04-27 17:03:16
439,Krasnoselkup,RU,65.7,82.4667,34.41,99,100,19.1,overcast clouds,2022-04-27 17:03:17
440,Seoul,KR,37.5683,126.9778,51.24,23,2,1.81,clear sky,2022-04-27 17:00:17
441,Shakawe,BW,-18.3667,21.85,73.89,48,94,2.44,overcast clouds,2022-04-27 17:03:17
442,Akdepe,TM,42.0551,59.3788,76.33,18,100,11.59,overcast clouds,2022-04-27 17:03:18
443,Karwar,IN,14.8,74.1333,83.08,82,45,2.57,scattered clouds,2022-04-27 17:03:19
444,Altamont,US,42.2068,-121.7372,44.78,57,40,4.61,scattered clouds,2022-04-27 17:03:19
445,Ipira,BR,-12.1583,-39.7372,80.11,69,65,13.56,broken clouds,2022-04-27 17:03:19
446,Katangli,RU,51.7102,143.2326,25.68,90,100,38.7,snow,2022-04-27 17:03:20
447,Keokuk,US,40.3973,-91.3849,65.26,51,0,8.05,clear sky,2022-04-27 17:03:20
448,Bathsheba,BB,13.2167,-59.5167,77.61,100,75,13.8,broken clouds,2022-04-27 17:03:21
449,Hohhot,CN,40.8106,111.6522,43.52,81,100,4.59,overcast clouds,2022-04-27 17:03:21
450,Villa Maria,AR,-32.4075,-63.2402,68.9,20,0,8.93,clear sky,2022-04-27 17:03:22
451,Kavaratti,IN,10.5669,72.642,85.35,74,21,4.83,few clouds,2022-04-27 17:03:23
452,Coihaique,CL,-45.5752,-72.0662,37.76,75,100,2.8,overcast clouds,2022-04-27 17:01:02
453,Nova Olinda Do Norte,BR,-3.8881,-59.0942,83.48,81,91,3.62,overcast clouds,2022-04-27 17:03:24
454,Marshall,US,34.3834,-86.3333,69.33,45,0,9.22,clear sky,2022-04-27 16:59:08
455,Tura,IN,25.5198,90.2201,74.34,76,0,6.98,clear sky,2022-04-27 17:03:25
456,Valley Station,US,38.1112,-85.8702,65.19,39,0,9.22,clear sky,2022-04-27 17:03:26
457,Byron Bay,AU,-28.65,153.6167,61.95,86,65,3.85,broken clouds,2022-04-27 17:03:26
458,Karpathos,GR,35.507,27.2132,66.16,82,0,13.8,clear sky,2022-04-27 17:03:27
459,Nokaneng,BW,-19.6667,22.2667,74.37,44,67,6.44,broken clouds,2022-04-27 17:03:27
460,Oranjestad,AW,12.524,-70.027,79.47,75,100,19.86,overcast clouds,2022-04-27 17:03:28
461,Anadyr,RU,64.75,177.4833,30.0,86,100,15.01,overcast clouds,2022-04-27 17:00:12
462,Roma,US,43.2128,-75.4557,45.95,56,100,18.99,overcast clouds,2022-04-27 17:02:59
463,Puerto Penasco,MX,31.3167,-113.5333,72.91,71,0,8.99,clear sky,2022-04-27 17:04:29
464,Solnechnyy,RU,50.7214,136.6319,27.57,75,100,10.6,overcast clouds,2022-04-27 17:04:29
465,Lukulu,ZM,-14.3707,23.242,71.26,62,64,7.4,broken clouds,2022-04-27 17:04:30
466,Polunochnoye,RU,60.8697,60.4153,40.26,97,70,2.48,broken clouds,2022-04-27 17:04:31
467,Baghdad,IQ,33.3406,44.4009,84.11,24,27,3.44,dust,2022-04-27 17:04:31
468,Drayton Valley,CA,53.2168,-114.9854,36.73,96,100,18.14,overcast clouds,2022-04-27 17:04:32
469,Kloulklubed,PW,7.0419,134.2556,81.5,80,100,16.17,overcast clouds,2022-04-27 17:04:32
470,Nenjiang,CN,49.1833,125.2167,35.22,65,45,5.86,scattered clouds,2022-04-27 17:04:32
471,Talcahuano,CL,-36.7167,-73.1167,49.68,87,100,8.05,overcast clouds,2022-04-27 16:59:41
472,Isiro,CD,2.7739,27.616,69.28,97,99,2.51,moderate rain,2022-04-27 17:04:33
473,Yanam,IN,16.7333,82.2167,80.04,86,11,2.89,few clouds,2022-04-27 17:04:33
474,Tamiahua,MX,21.2667,-97.45,83.28,54,5,9.86,clear sky,2022-04-27 17:04:34
475,Ossora,RU,59.2353,163.0719,29.37,98,100,7.67,light snow,2022-04-27 17:04:34
476,Hambantota,LK,6.1241,81.1185,83.03,76,19,3.33,few clouds,2022-04-27 17:04:34
477,Khovu-Aksy,RU,51.1333,93.6,33.84,71,74,2.42,broken clouds,2022-04-27 17:04:35
478,Najran,SA,17.4924,44.1277,83.07,18,48,9.06,scattered clouds,2022-04-27 17:04:35
479,Dingle,PH,10.9995,122.6711,78.33,87,95,6.73,overcast clouds,2022-04-27 17:04:36
480,Nosy Varika,MG,-20.5833,48.5333,75.97,87,5,9.06,light rain,2022-04-27 17:04:36
481,Ambon,ID,-3.6954,128.1814,77.14,100,40,4.61,scattered clouds,2022-04-27 17:04:36
482,Nuevo Progreso,MX,23.1667,-97.95,80.47,63,17,7.72,few clouds,2022-04-27 17:04:37
483,Sioux Lookout,CA,50.1001,-91.917,32.7,82,45,3.4,scattered clouds,2022-04-27 17:04:37
484,Jalu,LY,29.0331,21.5482,91.11,9,100,15.88,overcast clouds,2022-04-27 17:04:37
485,Nicoya,CR,10.1483,-85.452,90.37,51,100,4.76,overcast clouds,2022-04-27 17:00:36
486,El Estor,GT,15.5333,-89.35,81.55,76,58,1.88,broken clouds,2022-04-27 17:04:38
487,Norman Wells,CA,65.282,-126.8329,30.24,74,75,11.5,light snow,2022-04-27 17:04:38
488,Riyadh,SA,24.6877,46.7219,87.94,24,49,22.39,scattered clouds,2022-04-27 17:04:39
489,Wakkanai,JP,45.4094,141.6739,41.47,71,4,32.59,clear sky,2022-04-27 17:04:39
490,Balabac,PH,7.9868,117.0645,76.19,94,100,6.31,light rain,2022-04-27 17:01:46
491,Sarangani,PH,5.4033,125.4636,80.38,79,100,7.83,overcast clouds,2022-04-27 17:04:40
492,Hovd,MN,48.0056,91.6419,36.0,77,89,3.8,overcast clouds,2022-04-27 17:04:40
493,Sayyan,YE,15.1718,44.3244,65.21,41,70,6.58,light rain,2022-04-27 17:04:40
494,Alma,CA,48.5501,-71.6491,43.41,75,98,7.94,overcast clouds,2022-04-27 17:04:41
495,Saraland,US,30.8207,-88.0706,77.05,39,29,6.35,scattered clouds,2022-04-27 17:04:42
496,Miloslavskoye,RU,53.5815,39.4399,46.29,82,64,4.79,broken clouds,2022-04-27 17:04:42
497,Usinsk,RU,65.9939,57.5281,25.84,72,100,11.65,overcast clouds,2022-04-27 17:04:43
498,Havoysund,NO,70.9963,24.6622,26.83,73,100,27.54,snow,2022-04-27 17:04:43
499,Aklavik,CA,68.2191,-135.0107,20.37,90,100,9.1,overcast clouds,2022-04-27 17:04:44
500,Armidale,AU,-30.5167,151.65,53.69,97,89,4.0,overcast clouds,2022-04-27 17:04:44
501,Caruray,PH,10.3094,119.0128,79.12,85,100,3.4,moderate rain,2022-04-27 17:04:44
502,Aitape,PG,-3.1374,142.3475,78.73,87,48,3.85,scattered clouds,2022-04-27 17:04:45
503,Gloucester,GB,51.8657,-2.2431,53.19,58,75,9.22,broken clouds,2022-04-27 17:04:45
504,Mount Isa,AU,-20.7333,139.5,69.57,83,7,4.61,clear sky,2022-04-27 17:00:48
505,Barentu,ER,15.1139,37.5928,91.63,12,8,8.66,clear sky,2022-04-27 17:04:46
506,Yumen,CN,40.2833,97.2,50.05,32,2,2.28,clear sky,2022-04-27 17:04:46
507,Mitsamiouli,KM,-11.3847,43.2844,81.84,77,95,10.42,overcast clouds,2022-04-27 17:05:46
508,Bongandanga,CD,1.5,21.05,73.6,91,88,1.41,overcast clouds,2022-04-27 17:05:47
509,Starosubkhangulovo,RU,53.1031,57.4423,57.74,67,100,7.45,overcast clouds,2022-04-27 17:05:47
510,Artyom,AZ,40.4723,50.333,59.14,74,10,6.02,clear sky,2022-04-27 17:05:48
511,Capinopolis,BR,-18.6819,-49.5697,88.12,36,1,8.23,clear sky,2022-04-27 17:05:05
512,Turangi,NZ,-39.0,175.9333,40.68,96,4,3.6,clear sky,2022-04-27 17:05:49
513,Macae,BR,-22.3708,-41.7869,83.71,61,0,12.46,clear sky,2022-04-27 17:05:50
514,Mananara,MG,-16.1667,49.7667,74.53,90,2,0.74,clear sky,2022-04-27 17:05:50
515,Mahibadhoo,MV,3.7833,72.9667,84.31,70,41,3.62,scattered clouds,2022-04-27 17:05:50
516,Itoigawa,JP,37.0333,137.85,49.86,82,77,4.72,broken clouds,2022-04-27 17:05:51
517,Kaohsiung,TW,22.6163,120.3133,83.03,84,0,1.01,clear sky,2022-04-27 17:05:51
518,Kuybyshevo,RU,47.8123,38.9073,60.76,59,14,7.9,few clouds,2022-04-27 17:05:51
519,Manokwari,ID,-0.8667,134.0833,78.8,78,100,4.12,overcast clouds,2022-04-27 17:05:52
520,Erdenet,MN,49.0333,104.0833,36.12,33,55,5.93,broken clouds,2022-04-27 17:05:52
521,Adre,TD,13.4667,22.2,87.85,30,97,13.67,overcast clouds,2022-04-27 17:05:53
522,Vila,PT,42.0304,-8.1588,50.88,83,88,5.5,overcast clouds,2022-04-27 17:05:53
523,Vidalia,US,32.2177,-82.4135,76.78,46,0,8.05,clear sky,2022-04-27 17:05:53
524,Masallatah,LY,32.6167,14.0,65.55,62,71,19.71,broken clouds,2022-04-27 17:05:54
525,Sechelt,CA,49.4664,-123.7694,48.0,79,67,3.4,broken clouds,2022-04-27 17:05:54
526,Florianopolis,BR,-27.6146,-48.5012,82.35,83,20,14.97,few clouds,2022-04-27 17:03:20
527,San Juan,AR,-31.5375,-68.5364,66.97,23,0,7.2,clear sky,2022-04-27 17:02:33
528,Maragogipe,BR,-12.7778,-38.9194,84.42,60,37,10.11,scattered clouds,2022-04-27 17:05:55
529,Kyra,RU,49.5776,111.9753,32.49,48,48,3.58,scattered clouds,2022-04-27 17:05:55
530,Saint-Pierre,RE,-21.3393,55.4781,73.9,82,0,0.0,clear sky,2022-04-27 17:05:55
531,Tazovskiy,RU,67.4667,78.7,34.23,99,100,14.99,overcast clouds,2022-04-27 17:05:56
532,Hindupur,IN,13.8289,77.4933,88.77,28,39,10.33,scattered clouds,2022-04-27 17:05:56
533,Ayagoz,KZ,47.9714,80.4392,49.48,43,31,7.56,scattered clouds,2022-04-27 17:05:57
534,Petropavlovsk-Kamchatskiy,RU,53.0452,158.6483,30.63,94,100,26.28,snow,2022-04-27 17:03:44
535,George,ZA,-33.963,22.4617,60.67,64,0,3.42,clear sky,2022-04-27 17:05:57
536,Port Said,EG,31.2565,32.2841,67.51,73,0,11.61,clear sky,2022-04-27 17:05:57
537,Tadine,NC,-21.55,167.8833,73.96,69,100,15.21,overcast clouds,2022-04-27 17:05:58
538,Kalmunai,LK,7.4167,81.8167,82.67,75,8,5.86,clear sky,2022-04-27 17:05:58
539,Katsuura,JP,35.1333,140.3,61.21,79,100,27.49,light rain,2022-04-27 17:05:59
540,Tommot,RU,58.9564,126.2925,27.25,95,100,7.38,snow,2022-04-27 17:01:37
541,Poplar Bluff,US,36.757,-90.3929,64.18,45,50,3.0,scattered clouds,2022-04-27 17:01:48
542,Tefe,BR,-3.3542,-64.7114,91.51,62,20,2.3,few clouds,2022-04-27 17:05:19
543,Alofi,NU,-19.0595,-169.9187,77.43,79,87,15.1,light rain,2022-04-27 17:06:01
544,Dakar,SN,14.6937,-17.4441,86.88,81,5,19.1,clear sky,2022-04-27 17:02:42
545,Saint-Georges,GD,12.0564,-61.7485,78.94,81,100,7.36,overcast clouds,2022-04-27 17:06:01
546,Saint Anthony,US,45.0205,-93.218,43.25,43,0,14.97,clear sky,2022-04-27 17:06:02
547,Ambilobe,MG,-13.2,49.05,75.38,92,29,0.96,light rain,2022-04-27 17:06:02
548,Ulaangom,MN,49.9811,92.0667,42.58,46,92,5.88,overcast clouds,2022-04-27 17:01:13
549,Pokrovka,KG,42.3414,78.0056,41.7,84,100,3.47,overcast clouds,2022-04-27 17:06:03
550,Liwale,TZ,-9.7667,37.9333,69.46,98,73,4.83,broken clouds,2022-04-27 17:06:03
551,Verkhnyaya Toyma,RU,62.2349,44.9985,25.81,76,100,9.89,overcast clouds,2022-04-27 17:06:04
552,Derzhavinsk,KZ,51.1,66.3167,60.21,47,36,9.75,scattered clouds,2022-04-27 17:06:04
553,Navalmoral De La Mata,ES,39.8916,-5.5406,68.95,44,17,9.28,few clouds,2022-04-27 17:06:04
554,Lazaro Cardenas,MX,17.9583,-102.2,87.35,37,3,7.4,clear sky,2022-04-27 17:02:57
555,Surt,LY,31.2089,16.5887,68.16,65,10,22.24,clear sky,2022-04-27 17:07:05
556,Tual,ID,-5.6667,132.75,84.63,72,99,11.21,overcast clouds,2022-04-27 17:07:06
557,Laguna,US,38.421,-121.4238,63.43,58,0,5.75,clear sky,2022-04-27 17:07:06
558,San Pedro,PH,14.35,121.0167,83.43,76,40,9.15,scattered clouds,2022-04-27 17:05:25
559,Fairlie,GB,55.756,-4.8556,57.4,58,33,3.02,scattered clouds,2022-04-27 17:07:07
560,Calvinia,ZA,-31.4707,19.776,64.74,23,0,6.64,clear sky,2022-04-27 17:07:07
561,Bilma,NE,18.6853,12.9164,99.19,6,4,8.79,clear sky,2022-04-27 17:07:07
562,Olavarria,AR,-36.8927,-60.3225,61.02,39,0,4.94,clear sky,2022-04-27 17:07:08
563,Dalbandin,PK,28.8947,64.4101,89.22,11,100,3.85,overcast clouds,2022-04-27 17:07:08
564,Birao,CF,10.2849,22.7882,91.89,30,82,5.26,broken clouds,2022-04-27 17:02:22
565,Cayenne,GF,4.9333,-52.3333,85.08,3,75,11.5,broken clouds,2022-04-27 17:05:46
566,Stolberg,DE,50.7667,6.2333,61.34,53,80,6.71,broken clouds,2022-04-27 17:07:09
567,Sindor,RU,62.8629,51.8905,29.91,95,99,11.16,light snow,2022-04-27 17:07:10
568,Scarborough,GB,54.2797,-0.4044,45.97,73,60,1.99,broken clouds,2022-04-27 17:04:06
569,Azul,AR,-36.777,-59.8585,61.34,29,0,4.99,clear sky,2022-04-27 17:07:10
570,Roald,NO,62.5833,6.1333,42.91,75,75,23.02,light rain,2022-04-27 17:07:11
571,Itoman,JP,26.1247,127.6694,77.4,94,75,8.05,broken clouds,2022-04-27 17:03:49
572,Opuwo,NA,-18.0607,13.84,76.55,32,5,2.91,clear sky,2022-04-27 17:07:11
573,Waipawa,NZ,-41.4122,175.5153,50.09,78,99,3.69,overcast clouds,2022-04-27 17:06:15
574,Marsh Harbour,BS,26.5412,-77.0636,74.57,68,41,4.5,scattered clouds,2022-04-27 17:05:30
575,Envira,BR,-7.3,-70.2167,88.9,55,90,2.66,overcast clouds,2022-04-27 17:07:12
576,Warkworth,NZ,-36.4,174.6667,60.53,81,73,11.65,broken clouds,2022-04-27 17:07:13
577,Sokoto,NG,13.0609,5.239,104.22,9,3,7.76,clear sky,2022-04-27 17:07:13
578,Wajid,SO,3.8093,43.2471,78.28,74,99,5.93,light rain,2022-04-27 17:07:13
579,Chateauroux,FR,46.8167,1.7,64.4,52,0,11.5,clear sky,2022-04-27 17:07:14
580,Ambikapur,IN,23.1167,83.2,82.08,13,1,2.46,clear sky,2022-04-27 17:06:26
581,Sur,OM,22.5667,59.5289,89.91,43,8,5.3,clear sky,2022-04-27 17:02:56
582,Leh,IN,34.1667,77.5833,47.57,31,2,5.68,clear sky,2022-04-27 17:07:14
583,Tabuk,PH,17.4189,121.4443,74.88,84,53,4.7,broken clouds,2022-04-27 17:07:15
584,Oxford,GB,51.7522,-1.256,52.75,61,75,12.66,broken clouds,2022-04-27 17:07:15
585,College Park,US,38.9807,-76.9369,61.11,42,100,23.02,overcast clouds,2022-04-27 17:07:16
586,Puerto Baquerizo Moreno,EC,-0.9,-89.6,77.99,73,20,6.91,few clouds,2022-04-27 17:07:16
587,Majene,ID,-3.5403,118.9707,77.83,85,100,4.21,overcast clouds,2022-04-27 17:07:17
588,Zhuhai,CN,22.2769,113.5678,83.86,94,40,10.36,scattered clouds,2022-04-27 17:07:17
589,Tsiroanomandidy,MG,-18.7667,46.0333,66.52,96,94,3.36,overcast clouds,2022-04-27 17:07:18
590,Luganville,VU,-15.5333,167.1667,77.14,87,89,7.2,moderate rain,2022-04-27 17:07:18
591,Rafai,CF,4.95,23.9167,75.06,78,91,2.44,light rain,2022-04-27 17:07:18
592,Lere,NG,10.387,8.5726,89.42,24,92,2.82,overcast clouds,2022-04-27 17:07:19
593,Tecolutla,MX,20.4833,-97.0167,82.26,60,3,10.96,clear sky,2022-04-27 17:07:20
594,Camacha,PT,33.0833,-16.3333,63.82,59,20,12.66,few clouds,2022-04-27 17:07:20
595,Peniche,PT,39.3558,-9.3811,65.28,82,62,14.16,broken clouds,2022-04-27 17:07:20
596,Smithers,CA,54.7804,-127.1743,45.09,51,61,0.4,broken clouds,2022-04-27 17:04:13
597,Matara,LK,5.9485,80.5353,81.12,83,19,2.55,few clouds,2022-04-27 17:07:21
598,Pimenta Bueno,BR,-11.6725,-61.1936,89.06,51,9,5.03,clear sky,2022-04-27 17:07:21
599,Gogrial,SS,8.5332,28.1004,96.85,20,73,3.85,broken clouds,2022-04-27 17:07:22
600,Port Hawkesbury,CA,45.6169,-61.3485,48.9,82,100,5.01,overcast clouds,2022-04-27 17:07:16
601,Atar,MR,20.5169,-13.0499,91.65,10,0,10.89,clear sky,2022-04-27 17:07:23
602,Makinsk,KZ,52.6292,70.4169,58.73,44,87,10.09,overcast clouds,2022-04-27 17:08:24
603,Ilawa,PL,53.596,19.5685,52.79,59,97,10.18,overcast clouds,2022-04-27 17:08:24
604,Chorozinho,BR,-4.3003,-38.4978,84.4,70,96,5.19,overcast clouds,2022-04-27 17:08:25
605,Martinsville,US,36.6915,-79.8725,67.17,27,0,20.71,clear sky,2022-04-27 17:05:02
606,Swan River,CA,52.1058,-101.2676,40.23,47,91,10.2,overcast clouds,2022-04-27 17:04:34
607,Honningsvag,NO,70.9821,25.9704,26.35,93,100,24.16,heavy snow,2022-04-27 17:08:25
608,Santa Isabel Do Rio Negro,BR,-0.4139,-65.0192,93.45,47,66,2.13,broken clouds,2022-04-27 17:08:26
609,Capitao Poco,BR,-1.7464,-47.0594,83.01,82,74,5.7,broken clouds,2022-04-27 17:08:26
610,Havre-Saint-Pierre,CA,50.2334,-63.5986,39.45,91,100,2.46,overcast clouds,2022-04-27 17:08:27
611,Zhangjiakou,CN,40.81,114.8794,39.94,95,100,0.96,moderate rain,2022-04-27 17:08:27
612,Muros,ES,42.7762,-9.0603,64.69,73,12,4.41,few clouds,2022-04-27 17:08:28
613,Tezu,IN,27.9167,96.1667,70.63,67,28,4.32,light rain,2022-04-27 17:08:28
614,Walvis Bay,NA,-22.9575,14.5053,63.09,56,5,16.17,clear sky,2022-04-27 17:05:39
615,Bosaso,SO,11.2842,49.1816,83.39,73,10,4.25,clear sky,2022-04-27 17:08:29
616,Den Helder,NL,52.9599,4.7593,52.97,65,100,8.99,overcast clouds,2022-04-27 17:08:29
617,Nagaur,IN,27.2,73.7333,93.52,14,1,11.43,clear sky,2022-04-27 17:08:29
618,Novoagansk,RU,61.9449,76.6625,40.8,100,100,7.63,overcast clouds,2022-04-27 17:08:30
619,Morros,BR,-9.4467,-46.3003,87.66,38,8,8.23,clear sky,2022-04-27 17:08:30
620,Aksarka,RU,66.5606,67.7975,17.67,87,7,6.62,clear sky,2022-04-27 17:08:31
621,Outlook,CA,51.5001,-107.0513,53.35,37,32,16.13,scattered clouds,2022-04-27 17:08:31
622,Melbu,NO,68.5044,14.8297,35.38,60,75,17.27,light snow,2022-04-27 17:08:32
623,Fairbanks,US,64.8378,-147.7164,43.25,64,0,3.44,clear sky,2022-04-27 17:06:52
624,Makurdi,NG,7.7411,8.5121,86.23,57,100,8.7,overcast clouds,2022-04-27 17:08:32
625,Beboto,TD,8.2668,16.939,88.29,43,92,8.19,overcast clouds,2022-04-27 17:08:33
626,College,US,64.8569,-147.8028,43.23,64,40,3.44,scattered clouds,2022-04-27 17:08:33
627,Avera,US,33.194,-82.5271,71.11,34,0,8.34,clear sky,2022-04-27 17:05:57
628,Shimoda,JP,34.6667,138.95,64.11,87,100,19.04,overcast clouds,2022-04-27 17:06:33
629,Koster,ZA,-25.863,26.8976,54.0,62,0,5.5,clear sky,2022-04-27 17:08:34
630,Sola,VU,-13.8833,167.55,80.56,78,97,13.82,overcast clouds,2022-04-27 17:08:34
631,Sinnamary,GF,5.3833,-52.95,82.89,77,91,9.33,overcast clouds,2022-04-27 17:08:35
632,Mizdah,LY,31.4451,12.9801,75.88,25,24,25.43,few clouds,2022-04-27 17:08:36
633,Salina Cruz,MX,16.1667,-95.2,90.54,41,12,26.24,few clouds,2022-04-27 17:08:36
634,Porto Novo,BJ,6.4965,2.6036,83.66,75,93,13.38,overcast clouds,2022-04-27 17:08:37
635,Chibombo,ZM,-14.6569,28.0706,61.92,84,47,4.92,scattered clouds,2022-04-27 17:08:37
636,Juneau,US,58.3019,-134.4197,40.84,95,100,6.91,light rain,2022-04-27 17:08:39
637,Bikramganj,IN,25.2,84.25,90.72,10,0,1.88,clear sky,2022-04-27 17:07:12
638,Bandarbeyla,SO,9.4942,50.8122,83.21,77,69,10.65,broken clouds,2022-04-27 17:08:39
639,Moss Vale,AU,-34.55,150.3833,56.16,99,89,2.62,overcast clouds,2022-04-27 17:08:40
640,Iralaya,HN,15.0,-83.2333,84.2,64,82,11.27,broken clouds,2022-04-27 17:08:40
641,Sharlyk,RU,52.9167,54.75,63.16,59,100,14.25,overcast clouds,2022-04-27 17:08:40
642,Bairiki,KI,1.3292,172.9752,80.6,89,40,12.66,scattered clouds,2022-04-27 17:08:41
643,Jeremie,HT,18.65,-74.1167,79.38,64,39,8.66,scattered clouds,2022-04-27 17:08:42
644,Pathein,MM,16.7833,94.7333,81.45,80,6,6.93,clear sky,2022-04-27 17:08:10
645,Andilamena,MG,-17.0167,48.5833,66.27,93,5,3.94,clear sky,2022-04-27 17:09:42
646,Kilifi,KE,-3.6305,39.8499,80.53,80,72,10.45,broken clouds,2022-04-27 17:09:42
647,Sikasso,ML,10.9167,-7.0,101.98,21,98,2.17,overcast clouds,2022-04-27 17:09:43
648,Charagua,BO,-19.8,-63.2167,92.77,33,86,11.74,overcast clouds,2022-04-27 17:09:43
649,Puerto Del Rosario,ES,28.5004,-13.8627,69.55,60,20,24.16,few clouds,2022-04-27 17:09:44
650,Beaverlodge,CA,55.2166,-119.4361,38.28,89,100,15.88,overcast clouds,2022-04-27 17:09:44
651,Ushtobe,KZ,45.2514,77.9838,54.57,30,52,5.86,broken clouds,2022-04-27 17:09:44
652,Kinablangan,PH,7.6947,126.5503,76.42,90,100,2.04,light rain,2022-04-27 17:09:45
653,Margate,GB,51.3813,1.3862,49.87,64,7,8.01,clear sky,2022-04-27 17:09:45
654,Zhezkazgan,KZ,47.8043,67.7144,60.78,39,0,4.47,clear sky,2022-04-27 17:09:45
655,Pangnirtung,CA,66.1451,-65.7125,9.07,66,24,5.75,few clouds,2022-04-27 17:09:46
656,Shirokiy,RU,49.758,129.523,32.94,62,37,7.81,scattered clouds,2022-04-27 17:09:46
657,Prince Rupert,CA,54.3161,-130.3201,45.21,68,89,0.4,overcast clouds,2022-04-27 17:05:09
658,Srednyaya Akhtuba,RU,48.7089,44.8667,70.39,53,100,6.24,overcast clouds,2022-04-27 17:09:47
659,Ugoofaaru,MV,5.6667,73.0,85.14,71,26,1.57,scattered clouds,2022-04-27 17:09:47
660,Thonon-Les-Bains,FR,46.25,6.5,58.1,51,9,5.21,clear sky,2022-04-27 17:09:47
661,Malakal,SS,9.5334,31.6605,99.3,19,40,3.49,scattered clouds,2022-04-27 17:09:48
662,Toora-Khem,RU,52.4675,96.11,34.21,71,98,3.69,overcast clouds,2022-04-27 17:09:48
663,Bandarban,BD,22.1965,92.2262,74.93,99,16,2.55,few clouds,2022-04-27 17:09:49
664,Jardim,BR,-21.4803,-56.1381,95.22,30,16,13.85,few clouds,2022-04-27 17:09:49
665,Dezful,IR,32.3811,48.4058,83.55,27,17,5.12,few clouds,2022-04-27 17:09:49
666,Matagami,CA,49.7502,-77.6328,26.71,68,40,14.97,scattered clouds,2022-04-27 17:09:50
667,Mineiros,BR,-17.5694,-52.5511,83.34,42,0,11.23,clear sky,2022-04-27 17:09:50
668,Jacmel,HT,18.2342,-72.5347,82.53,58,18,6.62,few clouds,2022-04-27 17:09:51
669,Chimbote,PE,-9.0853,-78.5783,71.33,76,90,7.9,overcast clouds,2022-04-27 17:05:11
670,Zhigalovo,RU,54.8097,105.1578,29.86,91,71,6.49,broken clouds,2022-04-27 17:09:51
671,Tessalit,ML,20.1986,1.0114,90.81,8,0,15.93,clear sky,2022-04-27 17:09:51
672,Lasa,IT,46.6166,10.7002,59.36,64,15,3.13,few clouds,2022-04-27 17:09:52
673,Cozumel,MX,20.5083,-86.9458,84.94,82,100,9.22,overcast clouds,2022-04-27 17:06:01
674,Rio Brilhante,BR,-21.8019,-54.5464,93.97,29,94,12.86,overcast clouds,2022-04-27 17:09:52
675,Diego De Almagro,CL,-26.3667,-70.05,75.9,18,0,7.45,clear sky,2022-04-27 17:09:53
676,Bemidji,US,47.4736,-94.8803,44.56,34,0,16.11,clear sky,2022-04-27 17:05:18
677,Awbari,LY,26.5921,12.7805,96.53,5,34,12.35,scattered clouds,2022-04-27 17:09:53
678,Fengzhen,CN,40.4394,113.1536,35.67,100,100,1.19,moderate rain,2022-04-27 17:09:54
679,Pasighat,IN,28.0667,95.3333,70.36,76,50,5.06,scattered clouds,2022-04-27 17:09:54
680,Changqing,CN,36.5575,116.7272,58.77,31,56,5.84,broken clouds,2022-04-27 17:09:54
681,Northam,GB,51.0333,-4.2167,54.66,61,64,12.39,broken clouds,2022-04-27 17:09:55
682,Yining,CN,29.0361,114.5636,68.41,96,80,1.95,broken clouds,2022-04-27 17:09:55
683,Sao Paulo De Olivenca,BR,-3.3783,-68.8725,91.02,55,99,1.99,overcast clouds,2022-04-27 17:09:55
684,Rochegda,RU,62.8,43.25,22.46,74,60,7.67,broken clouds,2022-04-27 17:09:56
685,Linares,CL,-35.85,-71.6,55.27,72,76,9.24,broken clouds,2022-04-27 17:09:57
686,Rocha,UY,-34.4833,-54.3333,68.23,61,97,13.09,overcast clouds,2022-04-27 17:09:15
